GazePoint_x,GazePoint_y
,
,
,
,
,
,
,
,
,
,
,
,
,
,
,
,
,
,
,
,
,
,
,
,
,
,
,
,
,
,
,
,
,
,
,
,
,
,
,
,
,
,
,
,
,
,
,
,
,
,
,
,
,
,
,
,
,
,
,
,
,
,
,
,
,
,
,
,
,
,
,
,
,
,
,
,
,
,
,
,
,
,
,
,
,
,
,
,
,
,
,
,
,
,
,
,
,
,
,
,
,
,
,
,
,
,
,
,
,
,
,
,
,
,
,
,
,
,
,
,
,
,
,
,
,
,
,
,
,
,
,
,
,
,
,
,
,
,
,
,
,
,
,
,
,
,
,
,
,
,
,
,
,
,
,
,
,
,
,
,
,
,
,
,
,
,
,
,
,
,
,
,
,
,
,
,
,
,
,
,
,
,
,
,
,
,
,
,
,
,
,
,
,
,
,
,
,
,
,
,
,
,
,
,
,
,
,
,
,
,
,
,
,
,
,
,
,
,
,
,
,
,
,
,
,
,
,
,
,
,
,
,
,
,
,
,
,
,
,
,
,
,
,
,
,
,
,
,
,
,
,
,
,
,
,
,
,
,
,
,
,
,
,
,
,
,
,
,
,
,
,
,
,
,
,
,
,
,
,
,
,
,
,
,
,
,
,
,
,
,
1311.4716256000002,675.747165
1329.66484,679.962795
,
,
1370.758058,672.02305
1372.770262,680.759125
1376.202096,677.4346
1362.413532,631.580405
1361.38709,592.9440050000001
1362.2904600000002,625.193775
1356.472262,604.578825
1356.224612,598.633835
1352.0531740000001,603.23784
1351.373976,599.4692849999999
1348.987756,596.04193
1346.692464,597.910305
1343.051596,600.108185
1339.0660500000001,600.282205
1337.314216,603.71746
1339.090448,604.1702250000001
1340.40246,603.7230950000001
1342.1818480000002,603.3083799999999
1343.796322,605.04764
1332.475476,606.5225700000001
1331.427906,603.359835
1342.275928,603.811655
1346.1259340000001,606.97585
1349.5070300000002,604.127825
1350.129454,608.69287
1354.324752,608.643035
1342.681396,609.141935
,
1336.516014,736.052515
1328.120788,609.2743350000001
1326.295814,608.436325
1322.527212,607.499455
1321.0385780000001,607.5009600000001
1324.593292,606.522075
,
1328.803492,605.48932
1331.3906259999999,605.27086
1330.17316,604.7514
,
,
,
1332.02819,600.04841
,
,
,
,
1363.184438,597.07875
,
,
,
,
,
1408.1219879999999,596.165355
,
,
,
,
,
,
,
,
,
,
,
,
,
,
,
,
,
,
,
,
,
,
,
,
,
,
,
,
,
,
,
,
,
,
,
,
,
,
,
,
,
,
,
,
,
,
,
,
,
,
,
,
,
,
,
,
,
,
,
,
,
,
,
,
,
,
,
,
,
1409.266938,595.2795100000001
,
1416.77724,596.7300299999999
,
,
,
,
,
,
,
,
,
,
,
,
,
,
,
,
,
,
,
,
,
,
,
,
,
,
,
,
,
1325.9125708,690.4486400000001
1330.4813100000001,688.78521
1324.5037964,688.1772100000001
1322.3347592,687.64769
1321.4858604,689.05041
1322.7143612,686.986525
1324.7574528,685.90851
1300.9147024,686.0364500000001
1324.3805944,686.4988
1300.4245844,684.610085
1303.7536832,685.69377
1299.6141043999999,683.991355
1416.346278,683.54402
,
,
,
,
,
1419.20022,614.950265
,
,
,
,
,
,
1350.8230279999998,613.026695
,
,
,
,
,
,
,
,
,
,
,
,
,
,
,
,
,
,
,
,
,
,
,
,
,
,
,
,
,
,
,
,
,
,
,
,
,
,
,
,
,
,
,
,
,
,
,
,
,
,
,
,
,
,
,
1304.4655023999999,621.49951
,
,
,
,
,
,
,
,
,
,
,
,
,
,
,
,
,
,
,
,
,
,
,
,
,
,
,
,
,
,
,
,
,
,
,
,
,
,
,
,
,
,
,
,
,
,
,
,
,
,
,
,
,
,
,
,
,
,
,
,
,
,
,
,
,
,
,
,
,
,
,
,
,
,
,
,
,
,
,
,
,
,
,
,
,
,
,
,
,
,
,
,
,
,
,
,
,
,
,
,
,
,
,
,
,
,
,
,
,
,
,
,
,
,
,
,
,
,
,
,
,
,
,
,
,
,
,
,
,
,
,
,
,
,
,
,
,
,
,
,
,
,
,
,
,
,
,
,
,
,
,
,
,
,
,
,
,
,
,
,
,
,
,
,
,
,
,
,
,
,
,
,
,
,
,
,
,
,
,
,
,
,
,
,
,
,
,
,
,
,
,
,
,
,
,
,
,
,
,
,
,
,
,
,
,
,
,
,
,
,
,
,
,
,
,
,
,
,
,
,
,
,
,
,
,
,
,
,
,
,
,
,
,
,
,
,
,
,
,
,
,
,
,
,
,
,
,
,
,
,
,
,
,
,
,
,
,
,
,
,
,
,
,
,
,
,
,
,
,
,
,
,
,
,
,
,
,
,
,
,
,
,
,
,
,
,
,
,
,
,
,
,
,
,
,
,
,
,
,
,
,
,
,
,
,
,
,
,
,
,
,
,
,
,
,
,
,
,
,
,
,
,
,
,
,
,
,
,
,
,
,
,
,
,
,
,
,
,
,
,
,
,
,
,
,
,
,
,
,
,
,
,
,
,
,
,
,
,
,
,
,
,
,
,
,
,
,
,
,
,
,
,
,
,
,
,
,
,
,
,
,
,
,
,
,
,
,
,
,
,
,
,
,
,
,
,
,
,
,
,
,
,
,
,
,
,
,
,
,
,
,
,
,
,
,
,
,
,
,
,
,
,
,
,
,
,
,
,
,
,
,
,
,
,
,
,
,
,
,
,
,
,
,
,
,
,
,
,
,
,
,
,
,
,
,
,
,
,
,
,
,
,
,
,
,
,
,
,
,
,
,
,
,
,
,
,
,
,
,
,
,
,
1400.5396064,642.637
1399.0324804,642.706655
,
1398.9555588,642.162005
,
,
,
,
,
,
,
,
,
,
,
,
,
,
,
,
,
,
,
,
,
,
,
,
,
,
,
,
,
,
,
,
,
,
,
,
,
,
,
,
,
,
,
,
,
,
,
,
,
,
,
,
,
,
,
,
,
,
,
,
,
,
,
,
,
,
,
,
,
,
,
,
,
,
,
,
,
,
,
,
,
,
,
,
,
,
,
,
,
,
,
,
,
,
,
,
,
,
,
,
,
,
,
,
,
,
,
,
,
,
,
,
,
,
,
,
,
,
,
,
,
,
,
,
,
,
,
,
,
,
,
,
,
,
,
,
,
,
,
,
,
,
,
,
,
,
,
,
,
,
,
,
,
,
,
,
,
,
,
,
,
,
,
,
,
,
,
,
,
,
,
,
,
,
,
,
,
,
,
,
,
,
,
,
,
,
,
,
,
,
,
,
,
,
,
,
,
,
,
,
,
,
,
,
,
,
,
,
,
,
,
,
,
,
,
,
,
,
,
,
,
,
,
,
,
,
,
,
,
,
,
,
,
,
,
,
,
,
,
,
,
,
,
,
,
,
,
,
,
,
,
,
,
,
,
,
,
,
,
,
,
,
,
,
,
,
,
,
,
,
,
,
,
,
,
,
,
,
,
,
,
,
,
,
,
,
,
,
,
,
,
,
,
,
,
,
,
,
,
,
,
,
,
,
,
,
,
,
,
,
,
,
,
,
,
,
,
,
,
,
,
1332.296538,660.37477
1343.8906152,659.499915
1353.8724207999999,661.791885
1357.2911571999998,661.67432
1366.7853208,662.940295
1379.9115987999999,661.495855
1425.3077555999998,879.0134049999999
1390.1251228,764.3505250000001
1350.5131088,660.585415
1345.7337916000001,664.28095
1337.9239468,661.228925
1334.1468227999999,662.87518
1335.3868468,660.408825
1341.594492,666.7375850000001
,
,
,
,
,
,
,
,
,
,
,
,
,
,
,
,
,
,
,
,
,
,
,
,
,
,
,
,
,
,
,
,
,
,
,
,
,
,
,
,
,
,
,
,
,
,
,
,
,
,
,
,
,
,
,
,
,
,
,
,
,
,
,
,
,
,
,
,
,
,
,
,
,
,
,
,
,
,
,
,
,
,
,
,
,
,
,
,
,
,
,
,
,
,
,
,
,
,
,
,
,
,
,
,
907.5710176,598.32443
,
,
,
,
,
839.2222200000001,527.7628500000001
,
,
,
,
,
,
,
,
,
,
,
,
,
,
,
,
,
,
,
,
,
,
,
,
,
,
,
,
,
,
,
662.4850984,490.842695
,
,
,
,
,
,
,
,
,
,
,
669.1748508000001,467.298745
,
,
,
,
691.041324,474.57552499999997
641.420584,490.07303
606.31042,473.22597499999995
582.7727519999999,477.62757999999997
,
,
,
,
,
,
,
,
,
,
,
,
,
,
,
,
,
,
,
,
,
,
,
538.257284,480.32942
,
,
,
,
,
,
,
,
,
,
,
,
,
,
,
,
,
,
,
,
,
,
,
,
,
,
,
,
,
,
,
,
,
,
,
,
,
,
,
,
,
,
,
,
,
,
,
,
,
,
,
,
,
,
,
,
,
,
,
,
,
,
,
,
,
,
,
,
,
,
,
,
,
,
,
,
,
,
,
,
,
,
,
,
,
,
,
,
,
,
,
424.61920399999997,556.02845
,
,
414.958454,560.1762249999999
421.87143000000003,561.675715
428.003202,561.6726249999999
434.243104,563.038785
432.76447199999996,562.71459
432.39152200000007,563.799525
455.45209,553.9847950000001
436.452004,572.14257
439.15663399999994,575.4253799999999
459.904184,571.29041
454.715068,574.14345
459.429128,571.56447
468.19007,571.57459
464.842136,573.13052
466.991426,571.5109050000001
470.104378,569.807
476.14185200000003,571.0454
482.77173200000004,572.4223850000001
482.7703159999999,571.1163200000001
482.383354,572.45777
482.628864,571.409525
482.279998,573.316555
480.71741999999995,570.377735
484.68524,569.3827
480.4617180000001,569.80494
479.884882,570.52797
482.38208800000007,572.32801
482.95300999999995,572.63851
483.071124,571.21909
481.927172,571.972495
485.4718600000001,569.4678799999999
485.27217399999995,567.477995
482.635944,567.5499400000001
490.51801800000004,564.208655
489.87097,563.28745
492.713416,564.701165
493.49408200000005,564.2650699999999
495.97479,564.67668
495.91586400000006,565.805935
495.72265200000004,565.802175
496.16049799999996,562.223345
494.526032,566.419925
497.165342,566.6567150000001
497.011362,567.5163150000001
499.75356400000004,569.9301
501.12524599999995,574.22648
502.98453800000004,578.36695
502.64615000000003,580.5113699999999
506.033756,580.512695
505.213152,580.28081
504.313302,580.7025249999999
509.91439399999996,580.8166200000001
512.1253280000001,583.830455
511.3217780000001,586.81868
510.244626,587.74363
504.688714,583.907745
512.901838,584.815705
538.246658,595.91236
625.330542,600.54534
524.711694,564.96577
484.07165599999996,568.97056
464.933542,578.65447
496.99275,572.487025
488.29579,570.61223
,
,
,
,
,
,
,
,
,
,
,
,
,
,
,
,
,
,
,
,
,
,
,
,
,
,
,
,
,
,
,
,
,
,
,
,
,
,
,
,
,
,
,
,
,
,
,
,
,
,
,
,
,
,
,
,
,
,
,
,
,
,
,
,
,
,
,
,
,
,
,
,
,
,
,
,
,
,
,
,
,
,
,
,
,
,
,
,
,
,
,
,
,
491.68451400000004,721.72795
500.801822,717.779
494.679442,713.978655
486.2356500000001,721.84971
477.0251559999999,723.7386100000001
480.525636,720.7052699999999
483.60527,722.92469
486.862812,719.486515
490.830098,718.87417
490.381748,714.7164250000001
483.69886799999995,709.18101
494.69344200000006,714.177195
496.0938779999999,714.22837
492.99657,714.5102449999999
487.60944000000006,715.632825
491.64486600000004,715.6235099999999
489.10587999999996,715.6273699999999
481.954182,716.74592
485.665338,717.710685
488.241028,718.95469
487.38223600000003,720.077425
487.901,719.1713500000001
489.851252,718.14553
488.85967800000003,717.784185
489.76911800000005,717.85122
491.85061599999995,717.762765
487.324128,715.76703
487.002674,714.094335
481.07221,714.68065
490.46165400000007,711.95823
495.90268599999996,730.22179
506.47315399999997,706.561415
542.5953924,737.7944849999999
564.0101824000001,723.28044
546.7212751999999,723.93917
549.4065748,741.61814
521.25409,751.868645
536.6078580000001,739.413515
527.0897932,739.2203400000001
540.1458764,733.0151149999999
542.5329872,736.96376
551.623744,734.173695
561.9744143999999,749.025895
562.5122224,737.052775
551.0474528,735.6617200000001
544.589534,730.2203850000001
551.9239812,740.5415
545.6887548,737.252555
541.0153504,746.26799
542.5045296,740.2090499999999
542.6380472000001,733.914775
533.639484,736.34469
536.4994535999999,732.870015
538.4658492,732.026115
535.4140828,733.830265
539.2208148,729.5825500000001
537.6484356,729.0846449999999
536.0746732,729.6035899999999
535.1672275999999,731.36557
536.3485851999999,730.8083549999999
538.0663892,731.807865
537.2694352,729.31618
538.9296624,724.50631
538.4791904,724.7768100000001
539.4503076,718.60841
539.7014088000001,718.8854349999999
537.3832795999999,718.723925
534.1234180000001,717.182685
531.6918479999999,713.609495
530.445286,713.3405250000001
532.4804419999999,711.72862
534.5521540000001,711.41983
537.37891,711.47063
536.7238084,715.543345
537.603672,712.7115
538.8584784,711.80598
540.7075399999999,710.432355
540.622508,710.434555
541.727194,709.088935
541.7189828,710.548045
541.438456,709.32765
541.2535324,710.1440299999999
540.4851492,710.3787
540.6623295999999,709.544525
541.6102816,707.29205
540.7561148,706.833975
540.9476996,708.835595
544.6139784,709.1508699999999
545.924918,707.80042
545.9269652,703.9258649999999
545.8860772,703.696815
554.9460864,699.5008
554.9921764000001,699.1583
556.3669028,693.3438550000001
547.6299864,694.44625
551.7450732,693.927555
547.771526,690.0818449999999
552.5622424000001,690.76211
553.219874,689.35288
555.2226699999999,687.5557349999999
553.8364280000001,687.579305
553.8098168,687.60649
554.632112,686.812235
555.0146588,686.14719
555.3969916,686.34439
544.4611460000001,685.076785
545.052238,683.70648
554.9002224000001,683.730485
555.9198264,683.441205
557.9926871999999,682.2075
560.1634292,681.955445
560.4147352,682.470125
563.4855519999999,681.5988500000001
587.2631655999999,686.014385
529.1909780000001,688.1995400000001
,
,
,
,
,
,
556.8163556000001,756.631795
563.86985,752.12116
563.9520795999999,725.03802
554.8796284,736.0300400000001
563.8069175999999,728.618665
572.3015276000001,727.31846
576.6915960000001,730.2274199999999
574.4763012000001,725.80524
579.2360991999999,726.67539
580.2003136,723.84919
581.9971631999999,723.499965
579.9438680000001,721.76306
579.7164875999999,721.217785
578.912698,720.712835
578.785662,720.24957
578.728256,720.18264
579.3241416,719.953565
577.4579131999999,719.9035
576.3039819999999,718.468565
574.8274223999999,720.46965
573.5424148,721.8972200000001
565.3759676,720.842545
595.8812272,716.317
555.9146688000001,704.762295
533.290978,712.07399
524.553694,721.475255
542.2476819999999,677.108565
521.1395540000001,669.442225
503.379432,672.74962
498.20750599999997,655.05876
531.554542,661.2103099999999
515.277606,658.397015
522.9776300000001,655.18642
503.75992599999995,652.27648
515.314026,656.6925799999999
506.777528,659.89815
515.494398,661.151645
516.869284,658.21442
513.1137520000001,655.74712
513.8554359999999,650.7473600000001
514.1334400000001,650.4442200000001
509.464984,650.8877749999999
503.059478,651.4638649999999
504.0391420000001,649.607705
503.44824399999993,649.6413749999999
503.075986,649.1166350000001
503.003062,649.173415
501.973678,651.49319
504.92851199999996,654.2556549999999
504.420108,651.309745
508.05091000000004,651.18876
506.81596200000007,650.41291
505.30481,650.35835
511.64784199999997,652.8643400000001
512.776818,652.103575
509.340728,652.9746299999999
509.78307,652.5513149999999
510.16204600000003,654.02228
508.1304420000001,653.887545
506.501124,655.0039750000001
502.35097199999996,656.1643
496.6124,656.735685
496.820084,656.9703
496.391932,657.6905449999999
497.391038,657.59524
496.9245880000001,660.64337
494.32863199999997,660.697855
498.426624,661.5621249999999
489.068724,657.2470800000001
495.80028599999997,656.9128000000001
496.09341200000006,658.79897
490.5662020000001,658.762735
484.824288,658.964215
491.1323940000001,658.6003049999999
489.17136000000005,658.82695
488.46553,663.8328799999999
490.5314380000001,663.613255
488.863434,665.795165
481.883018,669.7321400000001
484.668504,665.14034
483.69263,664.947505
482.049068,667.93217
476.046512,668.13909
476.0147579999999,675.8462300000001
475.332002,675.34443
475.72587,675.3125749999999
476.83809399999996,675.5472749999999
476.632064,672.318535
467.51491599999997,672.7564950000001
464.674388,672.751785
463.526474,668.58674
464.60723399999995,663.511655
464.881896,663.38267
464.4609680000001,663.31197
464.727348,671.705455
463.055338,667.710255
463.602548,658.56602
463.563552,659.5562050000001
465.92636000000005,656.626295
461.13803,656.645355
461.350272,656.9992050000001
461.874738,657.04224
462.791968,657.08671
461.316072,657.3043700000001
462.16497799999996,654.44677
470.19552799999997,653.9994300000001
464.409544,653.306965
464.04400799999996,654.110595
462.013408,653.5908099999999
459.39430000000004,654.4082149999999
462.62966,654.7486200000001
468.815942,654.67528
462.92157999999995,655.037235
469.0903340000001,655.8836550000001
469.34936400000004,656.031745
469.1245520000001,655.533415
467.71143,661.4917849999999
463.869486,662.81926
466.226612,662.723735
463.66018800000006,661.42634
461.359354,661.65473
463.698614,662.73334
464.088922,655.36406
466.59594000000004,655.192715
472.708204,652.585925
472.50254600000005,653.098755
472.34467200000006,655.933935
472.43094599999995,655.712175
467.083372,658.99335
468.889588,656.1908900000001
467.27581200000003,656.340235
471.195476,656.09887
472.702728,655.61784
472.85379800000004,656.101805
471.351598,656.12338
474.5862,655.3520100000001
474.097136,655.31975
474.06960000000004,655.766275
467.389456,655.5966149999999
466.53560200000004,656.1331849999999
466.23807999999997,656.12972
467.06484,655.563005
467.064526,655.1783849999999
467.122918,652.533205
467.31607199999996,649.8593450000001
467.432428,649.2882950000001
463.99147800000003,649.732205
463.668956,659.53282
463.167198,659.682395
463.039658,662.29296
460.39302599999996,663.252065
461.963382,663.1286
457.254452,663.653325
461.443948,663.111305
459.68143999999995,661.48743
459.80855599999995,655.9966999999999
455.232956,659.53268
459.737096,658.138635
458.939402,658.80015
462.230514,658.6166900000001
461.94705799999997,658.693935
460.65343199999995,660.7648099999999
458.63527999999997,660.710315
460.58192799999995,657.65384
459.69657600000005,657.600095
460.09558000000004,660.257165
460.164558,660.422055
460.629168,661.48219
459.27507,665.5406800000001
459.52063999999996,665.28525
459.503944,666.28432
459.546294,665.7857799999999
462.64075,663.6001100000001
466.010546,663.887215
462.58362600000004,663.5441599999999
458.837526,663.581925
449.264688,660.91449
463.04334000000006,658.648735
457.86462400000005,659.002815
458.4282320000001,658.080215
462.7486839999999,654.74578
463.12385200000006,654.8610349999999
463.67181800000003,652.244335
463.645742,652.3746699999999
463.99993000000006,654.77565
464.634824,655.2911750000001
464.950618,655.015605
464.93643,657.69937
470.035728,649.76116
473.933404,649.9415799999999
473.961454,649.98072
473.35937,649.559145
473.86305000000004,653.15994
471.764732,652.48767
477.83927600000004,658.60971
468.99980200000005,658.189255
507.186918,646.457075
487.767494,643.217635
507.4572,646.177575
513.856574,638.80534
511.812642,631.1090300000001
512.315276,639.37493
514.8603300000001,634.50289
519.152548,633.356365
517.13783,631.7914949999999
519.960522,630.68037
518.033418,632.56427
527.493886,631.10602
530.406914,635.333455
525.789758,639.6428599999999
522.7076500000001,642.0576450000001
527.269646,646.6684949999999
523.285616,651.383885
534.451152,642.6264900000001
534.6111960000001,641.113195
534.907626,647.4211250000001
531.1680319999999,645.95694
533.4127720000001,646.11406
533.525558,645.40034
530.133202,645.1705099999999
528.031902,643.54987
527.12486,644.39733
524.539726,644.66242
521.3934780000001,645.52417
524.9146900000001,643.190355
527.5414599999999,643.155915
523.3830519999999,643.10806
523.4536820000001,643.134695
523.325104,643.0256549999999
520.4344939999999,643.372735
522.320522,643.6939
525.9136599999999,643.57338
515.695514,644.390305
518.640804,645.86563
522.506824,643.6024649999999
539.662588,642.37391
529.614488,642.205555
527.979014,642.05353
539.011092,641.912565
538.94776,640.66346
535.771978,640.46985
535.6766180000001,641.243325
536.92161,641.287715
536.330708,642.3392
534.447082,642.78904
534.85933,642.85019
529.130872,642.5105799999999
531.1575339999999,640.5426649999999
531.412806,640.1311499999999
531.7745279999999,634.8034150000001
527.16839,635.35663
527.9027960000001,636.2111150000001
532.715592,635.1092900000001
534.07439,634.701505
535.33058,636.19679
530.7942560000001,635.92057
534.983486,635.07651
531.751204,634.04865
531.203256,632.6304
531.56422,631.8185
530.40708,631.2049
531.944984,630.890035
533.0927959999999,632.35275
533.8086999999999,632.335575
532.7848140000001,635.929185
532.804314,635.939085
539.769104,639.38549
539.7489539999999,639.0288049999999
539.745178,638.586155
537.315916,637.61995
539.77284,630.74315
535.88145,635.5470250000001
532.0683179999999,633.76994
535.384146,633.56899
540.213006,633.5396000000001
540.1685460000001,635.12833
543.902358,634.0476249999999
536.302574,634.437985
536.22291,633.957545
543.462526,632.9671450000001
536.30612,631.895925
536.8016500000001,632.08653
527.85043,633.11595
534.62935,632.585955
535.600616,631.947775
530.429864,633.484105
534.3633,633.664505
541.6456840000001,634.1087
542.046722,630.9802500000001
541.98417,630.120055
537.796908,633.1497899999999
535.5699,634.357285
536.756834,634.77376
535.972306,635.01221
532.5708320000001,634.489165
535.429144,634.2956300000001
537.300372,637.77215
544.290276,642.45273
539.680008,642.2090949999999
547.16372,635.3329100000001
547.382672,638.50904
542.7392399999999,637.992615
539.374028,638.146835
542.5508520000001,637.41956
540.1682099999999,640.83798
542.0873159999999,641.92098
542.3494639999999,643.75284
542.649052,645.051935
543.8405740000001,644.787495
550.7343880000001,643.7407149999999
551.81555,642.259945
550.3430779999999,641.811815
547.9302580000001,642.626705
550.0786640000001,643.73569
548.929108,644.232495
549.9709459999999,643.8473349999999
552.2017060000001,643.988155
551.316964,643.76721
551.22337,644.367075
552.01815,645.54367
552.6216260000001,644.64522
548.566536,644.57993
548.542836,646.59756
546.8240780000001,648.499
541.0756160000001,648.3936699999999
513.663894,641.49074
483.28291,650.9719600000001
473.39830399999994,648.310825
,
,
,
446.34416000000004,654.887065
460.477862,656.86973
463.87392000000006,661.144
471.00471600000003,656.272995
470.417326,656.349965
472.52272200000004,655.731875
467.635128,655.76424
469.25058600000006,655.1877
470.34416799999997,659.334975
471.77510600000005,663.0700899999999
473.024868,658.7596599999999
474.713132,654.717005
472.340792,663.638525
474.781526,666.436065
471.588438,667.1133299999999
477.895984,667.6580899999999
479.609544,667.342215
480.271924,667.5138999999999
480.265574,666.949085
482.804574,666.8948800000001
482.820506,666.90515
482.764838,668.815475
480.45829000000003,666.2822000000001
477.59556999999995,666.571965
477.043084,669.826105
484.242472,669.1660449999999
476.27898200000004,668.5177249999999
476.136472,668.73462
467.9440260000001,665.89328
467.31942000000004,661.59249
462.755888,661.802605
458.96457,660.7430999999999
457.7265,661.08853
453.57294,661.669905
496.61247999999995,645.474915
467.181776,668.20603
543.19282,645.383495
,
519.906396,650.948435
534.898132,648.462655
543.498658,649.06319
531.820056,654.94749
534.138828,649.354925
534.118076,649.836115
535.572682,649.545035
534.157144,649.382695
536.0360840000001,649.884465
534.7722279999999,650.18323
536.4128840000001,649.915925
537.2864500000001,650.342005
538.279294,650.1948199999999
540.758584,649.591845
542.486204,649.3951
542.806326,649.144155
543.120552,648.91571
540.283248,664.85735
531.787196,641.891775
569.2246600000001,626.0545050000001
,
,
,
,
,
,
,
,
,
,
,
,
,
,
,
,
,
,
,
,
,
,
,
,
,
,
,
,
,
,
,
,
,
,
,
,
,
,
,
,
,
,
,
,
,
,
,
,
,
,
,
,
,
,
,
508.76747,635.8192750000001
508.41466800000006,644.22933
496.80112600000007,644.745615
502.49869,646.7396200000001
,
,
,
,
,
,
,
,
,
,
,
,
,
,
,
497.899098,643.12567
499.09835400000003,642.941455
498.887382,644.1301550000001
497.08700600000003,645.21051
497.071632,645.8393599999999
492.279924,647.5210050000001
503.06683599999997,647.4693950000001
504.75876999999997,648.2939
508.92783600000007,648.30979
507.7110020000001,650.0370350000001
508.41213799999997,650.079725
508.463866,649.908175
508.396478,649.143205
500.134636,649.21756
499.854582,648.7227399999999
498.11133799999993,651.51495
495.69730200000004,647.6043
495.95345999999995,647.67117
498.85524399999997,649.291735
497.969818,648.7232650000001
499.34188199999994,648.62037
499.286026,644.654385
499.515656,644.4294649999999
498.95747400000005,644.155465
499.22693000000004,645.74092
498.59627200000006,647.045115
496.966012,647.186265
493.615416,648.801915
499.15963600000003,648.1584250000001
499.19179799999995,648.8179
499.38072800000003,647.225545
500.01568599999996,648.423515
495.4005200000001,647.05394
499.60876999999994,645.77505
503.206752,647.339525
524.534422,641.9392399999999
529.743892,641.69975
524.9340020000001,636.911295
518.621476,637.209535
519.93595,642.229115
519.9341780000001,640.57545
521.4615820000001,639.9109100000001
522.9129480000001,638.951415
518.0500499999999,638.15085
514.9791299999999,638.41595
515.14594,638.2317700000001
515.204356,638.504735
510.5802080000001,638.632145
510.641138,638.174835
502.635638,635.9385950000001
501.93151600000004,635.978865
507.08301000000006,635.76299
508.093926,635.72289
508.56287199999997,635.462755
508.625878,635.767885
509.475146,637.718275
505.10408600000005,638.385205
500.838754,639.7646
511.082132,638.99981
506.844122,639.11104
506.991042,638.81567
509.479582,638.7436299999999
517.262914,638.894205
518.11274,638.53944
518.57312,637.0658
522.159252,636.9995349999999
522.537456,636.10375
522.850652,635.4460799999999
526.6301820000001,634.4944350000001
529.295136,633.881395
530.8974519999999,633.44497
534.7363600000001,632.2502
536.871566,632.48457
536.7913460000001,633.5594
538.297626,633.733705
538.694528,634.4732650000001
539.5116340000001,638.17633
509.07793200000003,640.780825
,
,
523.5470819999999,652.036205
519.494034,641.3283650000001
,
440.214972,766.060395
527.463708,638.986075
,
431.59828400000004,766.644965
503.216292,642.047505
499.67401400000006,636.25182
497.22478,633.72464
500.163524,635.353745
500.288368,636.69461
496.468446,636.18454
496.466072,635.816035
497.632444,638.68299
495.08889400000004,636.605045
,
,
,
,
,
426.13197800000006,732.887515
,
,
415.29623000000004,765.49935
,
,
,
,
,
487.97502799999995,653.09087
516.129544,658.2876249999999
538.13875,645.18233
538.375158,653.881125
528.336182,652.5282199999999
533.942798,650.7366549999999
535.307492,641.157295
535.007376,648.421835
528.1842300000001,649.518005
534.687124,650.32124
527.793934,651.138995
532.884386,651.680485
532.0069460000001,650.04558
533.547014,651.7557850000001
532.5741700000001,650.28484
530.9508780000001,652.1112049999999
527.500874,659.4739099999999
515.4463820000001,659.673205
515.895334,655.88055
520.692088,654.27068
525.987982,655.3537249999999
528.163312,656.26871
522.886654,655.94155
521.373454,652.29943
507.80856800000004,647.87048
512.398274,658.27316
,
,
,
453.11854200000005,656.54753
,
445.254948,661.8535099999999
434.4894760000001,656.02279
447.65263600000003,656.01347
,
453.12446,656.570185
,
,
458.62795399999993,650.08399
479.08756400000004,652.817855
,
480.22734,649.716455
,
,
,
,
,
,
,
,
,
,
,
,
,
,
,
,
,
,
,
,
,
,
,
,
,
,
,
,
,
,
,
,
,
,
,
,
,
,
,
489.61654799999997,698.7273749999999
513.7386160000001,701.3060800000001
508.7646720000001,674.719935
502.394362,671.761315
496.934064,675.553085
526.5813380000001,675.5103799999999
501.75327400000003,689.47708
,
,
,
,
451.09578799999997,807.807155
,
517.4556220000001,686.36023
,
,
,
,
506.582946,684.909425
,
,
,
,
434.3520860000001,789.5344950000001
,
,
,
,
,
,
,
,
,
,
,
,
,
,
,
,
,
,
,
,
,
,
,
459.654332,694.77207
483.761058,679.3551199999999
,
457.13982799999997,716.340855
,
,
,
,
,
,
,
,
,
,
,
,
,
,
,
,
,
,
,
,
,
,
,
,
,
,
,
,
,
,
,
,
,
,
,
,
,
,
,
,
,
,
,
,
,
,
,
,
,
,
,
,
,
,
,
,
,
,
,
,
,
,
,
,
,
,
,
,
,
,
,
,
,
,
,
,
,
,
,
,
,
,
,
,
,
,
,
,
,
,
,
,
,
,
,
,
,
,
,
,
,
,
,
,
,
,
,
,
,
,
,
,
,
,
,
,
,
,
,
,
,
,
,
,
,
,
,
,
,
,
,
,
,
,
,
,
,
,
,
,
,
,
,
,
,
,
,
,
,
,
,
,
,
,
1230.853752,648.318175
,
,
,
,
,
,
,
,
,
,
,
,
,
1392.659264,696.3095350000001
1323.598838,686.0833299999999
1373.713234,676.258095
1357.061796,683.96281
1364.959582,675.1130949999999
1375.6912539999998,671.61844
1356.115142,681.30183
1349.442098,665.7121549999999
1358.471356,674.129925
1334.928802,661.6613600000001
1374.00801,661.97074
1368.1381900000001,661.99846
1373.560774,669.3197849999999
1375.840106,684.38193
1355.556874,687.9028900000001
1384.379242,673.84262
1377.554134,676.9914100000001
1371.480466,673.999235
1339.2438379999999,664.417805
,
1377.839028,666.25276
1436.004896,676.4115750000001
1437.234312,670.1767
1472.781884,669.64708
1477.095954,683.246425
1441.320478,670.24158
,
1490.3315539999999,683.29852
1473.226538,663.58112
1458.753158,673.572555
1457.4582580000001,666.37914
1452.668434,669.02044
1466.471392,658.8990650000001
1447.1260379999999,665.9440099999999
1464.1519720000001,659.436825
1441.741258,675.664185
1449.2427220000002,675.33525
1440.610348,664.6592
1431.6735760000001,669.4659899999999
1455.60706,678.6906349999999
1449.664906,667.73755
1474.6944,667.53147
1428.3836139999999,673.834425
1511.2331239999999,678.991475
1363.9812952000002,684.2353800000001
,
,
,
,
,
,
1561.076724,659.924585
1555.426544,665.8761
1589.442174,670.64462
,
1554.54631,662.386535
1556.048994,654.23636
1540.9739020000002,665.40482
1488.126702,648.234325
1480.414356,643.622925
1573.8739139999998,648.13709
1555.0334039999998,658.232215
,
1575.202354,652.5819899999999
1568.644142,655.8313
1581.1741080000002,664.719715
,
1563.493176,651.612885
1589.488024,646.7533
,
1580.653784,644.5244
1593.673478,624.4946600000001
,
,
,
1586.8644020000002,630.60034
,
,
,
,
1571.30305,608.72488
,
,
,
,
,
,
,
,
,
,
,
,
,
,
,
,
,
,
,
,
,
,
,
,
,
,
,
,
,
,
,
,
,
,
,
,
,
,
,
,
,
,
,
,
,
,
,
,
,
,
,
,
,
,
,
,
,
,
,
,
,
,
,
,
,
,
,
,
,
,
,
,
,
,
,
,
,
,
,
,
,
,
,
,
,
,
,
,
,
,
,
,
,
,
,
1517.98904,752.89258
1574.304256,758.51246
,
,
,
,
,
,
,
,
,
,
,
,
,
,
,
,
,
,
,
,
,
,
,
,
,
,
,
,
,
,
,
,
,
,
,
,
,
,
1432.6747916,871.05701
,
,
,
,
,
,
,
,
,
,
,
,
,
,
,
,
,
,
,
,
,
,
,
,
,
,
,
,
,
,
,
,
,
,
,
,
,
,
,
,
,
,
,
,
,
,
,
,
,
,
1416.257128,1012.497625
,
,
,
,
,
,
,
,
,
,
,
,
,
,
,
,
,
,
,
,
,
,
,
,
,
,
,
,
,
,
,
,
,
,
,
,
,
,
,
,
,
,
,
,
,
,
,
,
,
,
,
,
,
,
,
,
,
,
,
,
,
,
,
,
,
,
,
,
,
,
,
,
,
,
,
,
,
,
,
,
,
,
,
,
,
,
,
,
,
,
,
,
,
,
,
,
,
,
,
,
,
,
,
,
,
,
,
,
,
,
,
,
,
,
,
,
,
,
,
,
,
,
,
,
,
,
,
,
,
,
,
,
,
,
,
,
,
,
,
,
,
,
,
,
,
,
,
,
,
,
,
,
,
,
,
,
,
,
,
,
,
,
,
,
,
,
,
,
,
,
,
,
,
,
,
,
,
,
,
,
,
,
,
,
,
,
,
,
,
,
,
,
,
,
,
,
,
,
,
,
,
,
,
,
,
,
,
,
,
,
,
,
,
,
,
,
,
,
,
,
,
,
,
,
,
,
,
,
,
,
,
,
,
,
,
,
,
,
,
,
,
,
,
,
,
,
,
,
,
,
,
,
,
,
,
,
,
,
,
,
,
,
,
,
,
,
,
,
,
,
,
,
,
,
,
,
,
,
,
,
,
,
,
,
,
,
,
,
,
,
,
,
,
,
,
,
,
,
,
,
,
,
,
,
,
,
,
,
,
,
,
,
,
,
,
,
,
,
,
,
,
,
,
,
,
,
,
,
,
,
,
,
,
,
,
,
,
,
,
,
,
,
,
,
,
,
,
,
,
,
,
,
,
,
,
,
,
,
,
,
,
,
,
,
,
,
,
,
,
,
,
,
,
,
,
,
,
,
,
,
,
,
,
,
,
,
,
,
,
,
,
,
,
,
,
,
,
,
,
,
,
,
,
,
,
,
,
,
,
,
,
,
,
,
,
,
,
,
,
,
,
,
,
,
,
,
,
,
,
,
,
,
,
,
,
,
,
,
,
,
,
,
,
,
,
,
,
,
,
,
,
,
,
,
,
,
,
,
,
,
,
,
,
,
,
,
,
,
,
,
,
,
,
,
,
,
,
,
,
,
,
,
,
,
,
,
,
,
,
,
,
,
,
,
,
,
,
,
,
,
,
,
,
,
,
,
,
,
,
,
,
,
,
,
,
,
,
,
,
,
,
,
,
,
,
,
,
,
,
,
,
,
,
,
,
,
,
,
,
,
,
,
,
,
,
,
,
,
,
,
,
,
,
,
,
,
,
,
,
,
,
,
,
,
,
,
,
,
,
,
,
,
,
,
,
,
,
,
,
,
,
,
,
,
,
,
,
,
,
,
,
,
,
,
,
,
,
,
,
,
,
,
,
,
,
,
,
,
,
,
,
,
,
,
,
,
,
,
,
,
,
,
,
,
,
,
,
,
,
,
,
,
,
,
,
,
,
,
,
,
,
,
,
,
,
,
,
,
,
,
,
,
,
,
,
,
,
,
,
,
,
,
,
,
,
,
,
,
,
,
,
,
,
,
,
,
,
,
,
,
,
,
,
,
,
,
,
,
,
,
,
,
,
,
,
,
,
,
,
,
,
,
,
,
,
,
,
,
,
,
,
,
,
,
,
,
,
,
,
,
,
,
,
,
,
,
,
,
,
,
,
,
,
,
,
,
,
,
,
,
,
,
,
,
,
,
,
,
,
,
,
,
,
,
,
,
,
,
,
,
,
,
,
,
,
,
,
,
,
,
,
,
,
,
,
,
,
,
,
,
,
,
,
,
,
,
,
,
,
,
,
,
,
,
,
,
,
,
,
,
,
,
,
,
,
,
,
,
,
,
,
,
,
,
,
,
,
,
,
,
,
,
,
,
,
,
,
,
,
,
,
,
,
,
,
,
,
,
,
,
,
,
,
,
,
,
,
,
,
,
,
,
,
,
,
,
,
,
,
,
,
,
,
,
,
,
,
,
,
,
,
,
,
,
,
,
,
,
,
,
,
,
,
,
,
,
,
,
,
,
,
,
,
,
,
,
,
,
,
,
,
,
,
,
,
,
,
,
,
,
,
,
,
,
,
,
,
,
,
,
,
,
,
,
,
,
,
,
,
,
,
,
,
,
,
,
,
,
,
,
,
,
,
,
,
,
,
,
,
,
,
,
,
,
,
,
,
,
,
,
,
,
,
,
,
,
,
,
,
,
,
,
,
,
,
,
,
,
,
,
,
,
,
,
,
,
,
,
,
,
,
,
,
,
,
,
,
,
,
,
,
,
,
,
,
,
,
,
,
,
,
,
,
,
,
,
,
,
,
,
,
,
,
,
,
,
,
,
,
,
,
,
,
,
,
,
,
,
,
,
,
,
,
,
,
,
,
,
,
,
,
,
,
,
,
,
,
,
,
,
,
,
,
,
,
,
,
,
,
,
,
,
,
,
,
,
,
,
,
,
,
,
,
,
,
,
,
,
,
,
,
,
,
,
,
,
,
,
,
,
,
,
,
,
,
,
,
,
,
,
,
,
,
,
,
,
,
,
,
,
,
,
,
,
,
,
,
,
,
,
,
,
,
,
,
,
,
,
,
,
,
,
,
,
,
,
,
,
,
,
,
,
,
,
,
,
,
,
,
,
,
,
,
,
,
,
,
,
,
,
,
,
,
,
,
,
,
,
,
,
,
,
,
,
,
,
,
,
,
,
,
,
,
,
,
,
,
,
,
,
,
,
,
,
,
,
,
,
,
,
,
,
,
598.803174,599.206695
,
778.1221367999999,700.52968
735.981096,675.413035
647.0367463999999,571.466045
606.9718316000001,541.698315
709.763402,574.874065
645.19857,533.56635
631.8233464,716.50376
,
740.37127,536.97473
655.9906840000001,524.94166
719.0912760000001,506.45239
669.0430900000001,503.575665
643.1830204,488.00915
640.6816332000001,484.188155
603.048224,500.85244
612.9125868000001,489.830205
564.387156,462.59285
,
,
,
,
,
,
,
,
,
,
,
,
,
,
,
,
496.26550599999996,429.37503000000004
,
,
,
540.4270100000001,425.34266
,
,
574.3218139999999,429.04621
543.499972,467.512335
561.035288,472.307875
572.943306,441.463795
485.5535999999999,431.181305
449.33763799999997,457.55699500000003
,
,
,
445.40468,457.84298
,
432.08683199999996,446.49073999999996
455.75043000000005,444.960795
,
477.49709400000006,464.707
,
,
488.90558,462.00205
480.569634,452.18134999999995
481.32059200000003,458.80170999999996
487.81854,477.85038499999996
499.072352,459.864155
476.019426,475.22143000000005
496.09638,464.758115
499.22503800000004,467.37131
482.21691,492.13568499999997
490.941158,476.709345
494.77281199999993,470.75325
493.73136999999997,472.60018
498.666432,469.091315
477.302628,479.3044
483.19951999999995,488.539695
500.25361,470.81456000000003
480.65726,483.43094499999995
488.394822,491.72423000000003
476.815982,498.078405
495.1296460000001,485.96186
494.88854000000003,483.36224
481.522466,477.667245
496.27641600000004,474.43317
482.299852,481.71306000000004
507.327174,497.55953
493.25289799999996,499.24741
504.593612,504.689865
494.039716,502.50235
451.874484,507.944825
463.346876,507.306415
446.1522520000001,506.945415
441.48689,504.293765
450.591014,500.804425
445.056378,499.831
450.107654,498.17641000000003
454.20675200000005,498.057185
455.05387399999995,496.52347499999996
451.35993199999996,493.926875
447.651252,489.92678
445.680826,493.87255
443.9887060000001,490.65525
445.841432,492.91193
444.305468,491.37009
447.51551200000006,490.08919000000003
444.75876400000004,491.35987
443.78907,492.01807499999995
460.597608,481.810835
466.756762,479.03584
488.916794,496.44276
489.54364799999996,493.30418499999996
490.383458,497.969435
500.972456,501.201685
505.465886,501.53444
506.83630600000004,512.9057
506.2126359999999,525.03763
507.913064,536.844725
513.148058,548.5456300000001
514.87063,560.1352449999999
514.076682,559.600475
512.45599,558.764735
509.930918,559.482565
511.373284,560.382445
512.7855000000001,560.559795
512.670442,561.31377
511.76218,564.12832
508.664498,563.92531
509.546914,564.995995
511.443552,566.9112250000001
520.3222820000001,567.3239100000001
520.934048,567.45916
521.6047460000001,568.9159999999999
519.8786580000001,573.0090250000001
520.78081,576.5244250000001
517.209286,577.64643
518.687408,577.858
524.721098,579.025725
526.823478,577.4607550000001
527.3848419999999,574.624605
527.731666,574.23902
522.559494,570.2685
543.14901,565.1746949999999
533.9774659999999,568.968295
523.133994,572.808395
521.733074,569.6663599999999
532.815012,583.037625
526.8745080000001,580.607625
537.4271659999999,575.716545
527.045502,575.43892
522.31781,572.54032
527.976804,569.381395
521.0981200000001,566.11955
524.124628,564.63798
525.1669420000001,564.400445
523.640232,564.1018750000001
521.96161,563.160345
520.3285860000001,562.03766
519.300742,560.8764249999999
518.20541,560.353535
520.3418360000001,559.67689
518.9474299999999,558.4014299999999
522.4276,557.688935
519.32102,559.177825
522.474122,557.7581250000001
522.514864,556.73068
522.54173,556.59713
522.497902,556.6494250000001
522.613686,556.52956
523.7644379999999,556.59098
523.866768,556.503175
524.6282960000001,556.627925
527.8262340000001,556.8158450000001
527.8398359999999,557.404695
527.755602,559.295325
526.6790800000001,561.24344
526.612426,564.184165
522.253274,564.2823800000001
523.3965939999999,561.62002
520.8921,562.734425
519.116806,564.159845
516.427598,564.072315
513.0638879999999,564.36127
502.496922,564.5985900000001
505.244452,561.3067100000001
504.402636,561.22171
503.8920220000001,560.30063
504.953256,560.19795
505.97015200000004,557.10301
506.637336,555.207495
504.88610600000004,556.424275
499.67139000000003,554.6690450000001
501.951406,557.648085
501.2175200000001,557.265885
496.07734600000003,557.543885
494.68658600000003,557.9089799999999
495.43485799999996,561.33339
496.31644,556.31285
497.541598,558.225815
496.05193,558.098105
498.79009399999995,560.22143
502.377688,558.81266
501.936464,557.6339700000001
498.042288,559.964285
499.765474,561.6365
517.52484,559.620615
521.348482,559.4138849999999
522.0134260000001,559.407025
522.43186,559.39388
522.9408000000001,558.9169099999999
523.042944,560.167355
523.1713239999999,558.344685
523.0708300000001,558.665375
525.344108,561.397485
504.64014399999996,557.41207
490.1105540000001,556.99748
490.10047199999997,553.822675
490.76893600000005,552.840685
491.199722,552.67111
491.278274,552.857385
491.337256,552.9180200000001
491.03414599999996,552.3241
492.055176,555.126515
492.04187199999996,555.8037300000001
492.28874999999994,557.24158
493.030972,556.55202
492.89838800000007,554.9930850000001
493.540486,555.40211
493.890584,558.25288
494.017722,561.818145
497.070822,562.374615
494.043638,563.436265
489.588716,566.0514900000001
503.299404,573.362525
503.54397400000005,572.943685
501.089804,573.10508
501.99591200000003,570.70877
500.50944200000004,571.9544450000001
504.282,571.975065
505.610762,569.81507
503.973704,570.14968
504.5396579999999,570.167695
504.177574,570.1499249999999
505.466966,571.933035
507.65002400000003,571.5599950000001
508.77051800000004,573.249275
510.47177999999997,572.641845
510.87739,572.977275
511.511752,571.565295
510.019922,571.862895
509.7968139999999,573.269085
511.84201800000005,577.82798
512.147904,577.1127650000001
514.434814,577.9463499999999
520.260118,578.44214
517.82353,576.95584
522.90596,576.38978
528.3545839999999,574.98395
532.5045568,575.4119900000001
535.3365392000001,575.1842449999999
534.6997111999999,575.528995
529.6921523999999,577.9733200000001
529.820222,577.9085299999999
484.51688,593.1957150000001
523.811038,540.50238
,
536.6690659999999,549.24111
487.439074,563.69871
,
,
,
500.51550799999995,570.44569
487.93246,556.04227
492.464832,557.58521
508.27338599999996,545.57578
516.075146,555.25458
511.7733280000001,570.32044
542.082388,551.78442
499.72111800000005,563.065825
515.1336160000001,561.709235
,
489.37716,550.666875
505.15144599999996,551.271525
,
,
466.25306400000005,574.063525
459.72702,572.88174
426.687724,588.38707
432.05350799999997,585.82699
428.04792199999997,585.4110499999999
433.77853400000004,587.10587
441.8399979999999,584.01918
440.946634,584.17409
443.71025799999995,582.493875
443.277062,582.24152
442.80419,581.207135
448.14939799999996,580.60611
447.42841599999997,580.5282
446.19787599999995,580.1104399999999
448.557028,580.0344
449.6691360000001,582.08719
446.931752,580.92467
450.65773600000006,579.52705
450.796386,577.919465
451.18081600000005,576.82977
451.72941000000003,576.435365
451.75910400000004,577.29054
452.90524600000003,577.9657
460.943364,575.84023
452.33749400000005,579.1398200000001
455.50951,579.2770499999999
485.915818,578.89518
,
487.211864,583.590455
618.1086852,551.902705
580.2171008,551.1346900000001
582.6529632,563.903305
558.0018616,587.35991
574.1694668,581.0405599999999
580.8391108,572.9853499999999
584.9530616,569.94559
584.7750596000001,568.02917
588.6194508,573.372425
580.7180536,583.419555
588.2988115999999,576.71502
595.2641644,570.810545
596.4010912000001,575.6939500000001
591.679064,575.145185
589.874438,578.98091
603.4720219999999,557.75798
619.9144871999999,544.920375
618.0581252,562.788805
620.1008932,551.078585
595.6094648000001,563.6482550000001
597.4246544,548.500875
568.0167435999999,538.1675749999999
610.5702000000001,566.19151
619.5311856000001,551.6203399999999
653.1804512,556.23405
,
,
753.8010039999999,556.2752399999999
792.1900700000001,563.05616
830.598802,568.085815
806.187394,561.10517
777.64662,549.992645
,
828.478168,564.82251
833.129698,564.9123999999999
820.438832,557.6670899999999
,
811.176236,555.038965
810.1761139999999,556.59519
811.5228480000001,556.5323900000001
810.1659320000001,556.140685
806.5613659999999,555.127225
802.691596,555.59592
802.098542,556.218565
802.5697640000001,556.1284250000001
802.647836,555.629235
802.8184160000001,555.8051399999999
803.2477819999999,555.5548200000001
,
,
740.5950760000001,549.54742
703.3450804,553.9902549999999
688.7589104,541.548485
644.6108839999999,573.1110799999999
608.2352375999999,539.565155
610.2871359999999,557.454945
534.308532,542.928465
532.6126239999999,554.489595
547.937508,548.6922199999999
574.1068,533.1205
551.974346,552.0827650000001
567.922366,553.55498
555.736006,559.2664500000001
567.321844,556.38364
572.070062,554.7667
564.79701,553.40552
564.9654499999999,554.56519
564.7815499999999,554.259605
564.54215,554.7895599999999
563.999654,554.35003
564.40961,553.81804
563.804396,553.256535
563.282912,552.170705
559.022582,553.492645
558.9491,554.8915
564.284206,560.38196
557.0301140000001,553.256585
556.974422,552.3486849999999
555.588176,551.552555
560.925362,552.1913
561.1963660000001,554.91381
561.110972,551.87553
561.229344,551.736175
574.2254288,553.9403299999999
572.9996796,556.00978
567.3489644000001,555.902875
573.4908403999999,555.8857949999999
576.5566108,560.23243
575.2862076,554.437275
565.8795339999999,552.808625
562.6440616,551.3178
566.4663468000001,551.68325
566.326534,556.93578
564.1417668,555.374165
560.4459228000001,555.13765
562.7630503999999,554.464055
560.6790916,549.734265
560.833212,548.46259
559.7178688,545.94444
559.6927948,545.45226
558.0614208,547.11284
558.242214,546.668315
558.1086048,545.577415
558.033884,549.48439
556.3325299999999,549.06895
556.5114616000001,549.7915949999999
581.7594976,539.2297
552.0907548,531.4917399999999
541.85372,538.91539
540.6641400000001,546.74894
547.3313639999999,541.358065
543.8988280000001,535.528855
550.48511,535.3271950000001
550.96851,535.197275
542.480166,541.0316399999999
532.268726,546.95466
528.321414,539.807185
530.0349840000001,544.2129
529.6533239999999,544.164935
522.95898,542.9885200000001
519.5210079999999,538.662135
516.445438,536.2429649999999
517.017436,534.811905
519.0537959999999,530.8182300000001
517.011392,529.568125
516.02832,533.7473600000001
516.872016,534.377405
516.211986,534.97179
516.7069240000001,535.110585
518.856772,532.0475799999999
518.580046,526.068675
518.507848,525.29558
520.73498,524.63147
522.444666,520.57214
526.019284,519.719275
525.081562,520.82138
526.658594,520.68839
526.1597979999999,518.81088
526.770902,517.27116
526.063506,517.39431
527.7722679999999,514.412955
524.2357199999999,514.28992
522.325438,514.43028
523.4617820000001,513.3276
520.494008,516.6845900000001
490.16931999999997,520.587355
421.0019060000001,556.53199
407.496128,533.16657
,
,
,
,
,
,
,
,
,
,
,
,
,
,
,
414.065086,536.5199399999999
339.42189999999994,567.02341
400.834746,531.67494
,
444.352594,522.2589399999999
438.753786,525.8647550000001
435.849916,508.650795
427.337564,562.5083400000001
423.87160600000004,564.37613
420.7094860000001,551.269855
391.011798,548.12578
,
,
,
,
,
,
,
,
,
,
,
,
,
,
,
,
,
,
,
,
,
,
,
,
,
,
,
,
,
,
,
344.858166,565.25883
339.148188,565.06078
340.31891799999994,575.70237
369.059456,550.88924
369.00718599999993,547.0040200000001
377.11558800000006,554.97087
332.4786900000001,569.4765749999999
346.458878,552.32446
344.52742,577.576535
,
336.933304,572.11544
366.03995999999995,548.835555
350.072456,555.7837549999999
371.026802,570.16951
398.19129799999996,567.9155049999999
383.386384,557.740315
383.932932,555.67103
376.072324,554.21342
382.66545399999995,554.076565
381.705896,551.791105
384.76411799999994,554.179525
392.304354,558.01637
382.455402,559.0857249999999
385.466444,556.98873
391.117938,552.214785
392.3797180000001,552.08204
406.55337800000007,540.4952149999999
381.58424,533.5478949999999
375.65671199999997,545.7967349999999
,
,
,
,
,
,
,
,
,
,
,
,
,
,
309.84520399999997,541.74568
296.987178,554.9691250000001
340.873066,525.934595
,
317.36102400000004,550.9248299999999
341.14437000000004,536.08032
306.62460799999997,533.36186
335.5396640000001,524.5089849999999
325.7297520000001,544.021075
329.46578,526.32833
330.838868,523.92398
332.180918,522.016705
334.674902,522.62328
320.847584,529.220755
,
350.08567000000005,513.8394
327.05097000000006,536.72295
,
,
355.34184000000005,519.610895
365.315764,523.33043
376.456776,526.6198850000001
376.979194,524.12121
386.72342000000003,498.587045
390.875772,505.16654
387.25218800000005,540.73261
372.574738,501.18679
324.29533200000003,519.8356799999999
326.588294,515.55328
,
,
,
308.496846,523.4949449999999
303.732808,537.461095
,
316.969694,526.1841549999999
,
324.57219999999995,504.49327500000004
333.35090800000006,508.59396
,
339.980102,519.000865
329.11682200000007,507.09386500000005
,
,
,
,
351.574158,495.895795
,
,
,
,
,
,
,
,
,
,
,
,
,
,
,
,
,
,
,
,
223.33637599999997,519.583525
216.71992400000002,519.42913
,
,
,
204.96848,528.895705
191.68461,529.085245
207.385142,524.48467
,
237.568748,523.28449
,
,
,
,
,
,
,
,
,
,
,
,
,
,
,
,
,
,
,
,
,
,
,
,
,
,
,
,
,
,
,
,
,
,
,
,
,
,
,
,
,
,
,
,
,
,
,
,
,
,
,
,
,
,
,
,
,
,
,
,
,
,
,
,
,
,
,
,
,
,
,
,
,
,
,
,
,
,
,
,
,
,
,
,
,
,
,
,
,
,
,
,
,
,
,
,
,
,
,
,
,
,
,
,
,
,
,
,
,
,
,
,
,
,
,
,
,
,
,
,
,
,
,
,
,
,
,
,
,
,
,
,
,
,
,
,
,
,
,
,
,
,
,
,
,
,
,
,
,
,
,
,
,
,
,
,
,
,
,
,
,
,
,
,
,
,
,
,
,
,
,
,
,
,
,
,
,
,
,
,
,
,
,
,
,
,
,
,
,
,
,
,
,
,
,
,
,
,
,
,
,
,
,
,
,
,
,
,
,
,
,
,
,
,
,
,
,
,
,
,
,
,
,
,
,
,
,
,
,
,
,
,
,
,
,
,
,
,
,
,
,
,
,
,
,
,
,
,
,
,
,
,
,
,
,
,
,
,
,
,
,
,
,
,
,
,
,
,
,
,
,
,
,
,
,
,
,
,
,
,
,
,
,
,
,
,
,
,
,
,
,
,
,
,
,
,
,
,
,
,
,
,
,
,
,
,
,
,
,
,
,
,
,
,
,
,
,
,
,
,
,
,
,
,
,
,
,
,
,
,
,
,
,
,
,
,
,
,
,
,
,
,
,
,
,
,
,
,
,
,
,
,
,
,
,
,
,
,
,
,
,
,
,
,
,
,
,
,
,
,
,
,
,
,
,
,
,
,
,
,
,
,
,
,
,
,
,
,
,
,
,
,
,
,
,
,
,
,
,
,
,
,
,
,
,
,
,
,
,
,
,
,
,
,
,
,
,
,
,
,
,
,
,
,
,
,
,
,
,
,
,
,
,
,
,
,
,
,
,
,
,
,
,
,
,
,
,
,
,
,
,
,
,
,
,
,
,
,
,
,
,
,
,
,
,
,
,
,
,
,
,
,
,
,
,
,
,
,
,
,
,
,
,
,
,
,
,
,
,
,
,
,
,
,
,
,
,
,
,
,
,
,
,
,
,
,
,
,
,
,
,
,
,
,
,
,
,
,
,
,
,
,
,
,
,
2061.84483,651.21225
,
,
,
,
2076.43032,665.354835
2067.991798,672.2342450000001
2075.89847,665.6809800000001
2083.91828,668.938025
2087.859266,657.90113
2000.400108,667.9506650000001
,
,
2053.5370316,671.66945
2108.6443019999997,666.95016
2100.352866,664.90449
2107.563446,665.218975
2107.923354,665.5004
2079.07879,671.762555
2043.220652,680.3086000000001
2053.970776,672.03539
2034.565652,680.060615
2032.7787739999999,679.1641050000001
2025.579678,678.424875
2015.796998,677.8634400000001
2013.8833804,677.34915
2009.4694428,676.200835
2009.4303476,675.443775
,
,
,
,
,
,
,
,
,
,
,
,
2035.6349300000002,633.594065
,
,
2031.737268,638.1519049999999
,
,
,
,
,
,
,
,
,
,
,
,
,
,
,
,
,
,
,
,
,
,
,
,
,
,
,
,
,
,
,
,
,
,
,
,
,
,
,
,
,
,
,
,
,
,
,
,
,
,
,
,
,
,
,
,
,
,
,
,
,
,
,
,
,
,
,
,
,
,
,
,
,
,
,
,
,
,
,
,
,
,
,
,
,
,
,
,
,
,
,
,
,
,
,
,
,
,
,
,
,
,
,
,
,
,
,
,
,
,
,
,
,
,
,
,
,
,
,
,
,
,
,
,
,
,
,
,
,
,
,
,
,
,
,
,
,
,
,
,
,
,
,
,
,
,
,
,
,
,
,
,
,
,
,
,
,
,
,
,
,
,
,
,
,
,
,
,
,
,
,
,
,
,
,
,
,
,
,
,
,
,
,
,
,
,
,
,
,
,
,
,
,
,
,
,
,
,
,
,
,
,
,
,
,
,
,
2067.260074,543.29347
,
2027.267316,555.714615
,
,
,
,
2025.5798492,563.949575
2027.0523768,566.947915
2025.6046152000001,567.68655
2024.5103347999998,568.505975
2024.7167904,569.0591850000001
2025.1946292000002,569.928045
2026.2174956,571.778245
2026.3762552,569.586445
2026.5615367999999,568.00477
2024.8896432000001,566.77289
2022.9701744,566.981575
2023.7324264,568.70142
2022.3299376,568.57015
,
,
,
,
,
,
,
,
,
,
,
,
,
,
1960.3902508,575.7815049999999
,
,
,
,
,
,
,
,
,
,
,
,
,
,
,
,
,
,
,
,
,
,
,
,
,
,
,
,
,
,
,
,
,
,
,
,
,
,
,
,
,
,
,
,
,
,
,
,
,
,
,
,
,
,
,
,
,
,
,
,
,
,
,
,
,
,
,
,
,
,
,
,
,
,
,
,
,
,
,
,
,
,
,
,
,
,
,
,
,
,
,
,
,
,
,
,
,
,
,
,
,
,
,
,
,
,
,
,
,
,
,
,
,
,
,
,
,
,
,
,
,
,
,
,
,
,
,
,
,
,
,
2185.945032,663.5276
2177.627106,664.7068099999999
2182.4081619999997,665.9831750000001
2182.231776,665.7226
2182.094156,666.0328
2181.43723,665.7248950000001
2181.1254120000003,667.401155
2180.227198,670.2097699999999
2181.26144,668.05889
2186.277324,670.742135
2192.31895,672.461245
,
,
,
,
,
,
,
,
,
,
,
,
,
,
,
,
2169.4307280000003,588.58452
,
,
,
,
,
,
,
,
,
,
,
,
,
,
,
,
,
,
,
,
,
,
,
,
,
,
,
,
,
,
,
,
,
,
,
,
,
,
,
,
,
,
,
,
,
,
,
,
,
,
,
,
,
,
,
,
,
,
,
,
,
,
,
,
,
,
,
,
,
,
,
,
,
,
,
1659.655656,612.37715
1651.3021036,615.057915
1672.38239,615.5109150000001
1633.2614236,611.8766350000001
,
,
,
,
,
,
,
,
,
,
,
,
,
1562.2623068,621.2309250000001
,
,
,
,
,
,
,
,
,
,
,
,
,
,
,
1456.539484,717.441735
,
,
,
,
,
,
,
,
1532.1585396,615.6701800000001
1535.486074,616.6013399999999
,
1548.5846304000002,625.2484999999999
1540.1803592,661.23128
1555.5024512,622.190975
1537.6666636,666.45915
1534.0492823999998,723.985095
1565.9942072,710.55936
1551.3760183999998,670.77467
1541.0982311999999,633.345135
,
1503.786286,626.95966
1536.6076496,672.324745
,
,
,
1522.5762900000002,709.43462
1510.7587896,706.89445
1462.4772447999999,710.2391600000001
,
,
,
,
,
1492.0178523999998,698.4451650000001
,
,
,
,
,
,
,
,
,
,
,
,
,
,
,
,
,
,
1479.426594,890.215115
,
,
,
,
1365.119258,679.86177
1321.1820280000002,670.3714749999999
1284.8324856,732.126595
,
,
,
,
,
,
,
,
1276.172762,745.3905400000001
,
,
,
,
,
,
,
1216.528912,577.908595
1219.2596264,576.11794
1262.7066504,621.364345
,
,
,
1252.4555759999998,618.500675
,
,
,
,
,
1237.4289644,554.2522650000001
,
,
,
1231.76021,564.91923
,
1213.2151316,590.7603
,
,
,
,
,
,
,
,
,
,
,
,
,
,
,
,
,
,
,
,
,
,
,
,
,
,
,
1373.3687464,663.561285
,
,
1338.1832,636.3582349999999
1323.8326584000001,566.88184
,
,
,
,
,
,
,
,
,
,
,
,
,
,
,
,
,
,
,
,
,
,
,
,
,
,
,
,
,
,
,
,
,
,
,
,
1571.434178,495.77799500000003
1533.707148,493.32364500000006
,
,
,
,
,
,
,
,
,
,
,
,
,
,
,
,
,
,
,
,
,
,
,
,
,
,
,
,
,
,
,
,
,
,
,
,
,
,
,
,
,
,
,
,
,
,
,
,
,
,
,
,
,
,
,
,
,
,
,
,
,
,
,
,
,
,
,
,
,
,
,
,
,
,
,
,
,
,
,
,
,
,
,
,
,
,
,
,
,
,
,
1450.2314888,514.068945
,
,
,
,
,
,
,
,
,
,
,
,
,
,
,
,
1710.4113904,565.37694
,
,
1773.1124456,597.6497449999999
1783.5442280000002,613.68187
1821.065928,591.48174
,
,
,
,
,
,
,
,
,
,
,
,
,
1753.715422,602.49635
1778.5366364000001,620.4963949999999
1731.9148592000001,613.98861
,
,
,
1785.0180868,610.537495
1814.4185424000002,612.0641599999999
1821.1806632,604.13738
,
1825.831962,612.55135
,
,
,
1910.25515,612.04354
,
,
,
,
2002.332726,639.78342
,
,
,
,
,
,
,
,
,
,
,
,
,
,
,
,
,
,
,
,
,
,
,
2062.992192,613.9735499999999
,
,
,
,
,
,
,
,
,
,
,
,
,
,
,
,
,
,
,
,
,
,
,
,
,
,
,
,
,
,
,
,
,
,
,
,
,
,
,
,
,
,
,
,
,
,
,
,
,
,
,
,
,
,
,
,
,
,
,
,
,
,
,
,
,
,
,
,
,
,
,
,
,
,
,
,
,
,
,
,
,
,
,
,
,
,
,
,
,
,
,
,
,
,
,
,
,
,
,
,
,
,
,
,
,
,
,
,
,
,
,
,
,
,
,
,
,
,
,
,
,
,
,
,
,
,
,
,
,
,
,
,
,
,
,
,
,
,
,
,
,
,
,
,
,
,
,
,
,
,
,
,
,
,
,
,
,
,
,
,
,
,
,
,
,
,
,
,
,
,
,
,
,
,
,
,
,
,
,
,
,
,
,
,
,
,
,
,
,
,
,
,
,
,
,
,
,
,
,
,
,
,
,
,
,
,
,
,
,
,
,
,
,
,
,
,
,
,
,
,
,
,
,
,
,
2080.6600336,753.0895250000001
,
,
,
,
,
,
,
,
,
,
,
,
,
,
,
,
,
,
,
,
,
,
,
,
,
,
,
,
,
,
,
,
,
,
,
,
,
,
,
,
,
,
,
,
,
,
,
,
,
,
,
,
,
2148.8051020000003,649.3729450000001
2132.43916,649.3550700000001
2130.4370559999998,649.2402950000001
2132.902408,651.70998
2134.736326,655.4603500000001
2137.306776,657.29792
2141.835224,656.0341000000001
2145.68789,654.64079
2151.688534,652.413335
2151.301294,652.31592
2153.521176,649.62534
2153.6462579999998,648.940925
2154.601978,649.3147200000001
2160.190552,649.5042
,
,
,
,
,
,
,
,
,
,
2153.397728,651.092235
2156.6920360000004,651.22141
2156.319824,649.465115
2152.8061500000003,648.956835
2150.0338060000004,648.663365
,
,
,
2155.577038,648.954305
2161.452076,648.5195550000001
2162.62826,648.524685
2162.857378,647.9008349999999
2162.1089060000004,647.33606
2154.809308,644.87046
2152.4717,645.8935
2152.628312,645.280945
2152.74259,644.999425
2153.452222,646.19831
2155.832604,648.8735449999999
2164.296996,649.65639
2162.7127280000004,649.2286349999999
2161.721846,648.77037
2161.781012,648.3741150000001
2156.21602,646.4158600000001
2157.170252,645.620715
2162.865622,646.24813
,
2164.032816,647.782375
2163.912542,647.00252
,
,
,
2216.596154,788.59334
,
,
,
,
,
,
,
,
,
,
,
,
,
,
,
,
,
,
,
,
,
,
,
,
,
,
,
,
,
,
,
,
,
,
,
,
,
,
,
,
,
,
,
,
,
,
,
,
,
,
,
,
2121.006524,667.4486549999999
,
,
,
,
,
,
,
2039.7964244,653.115595
2021.6379888000001,652.1517
2038.8546048000003,665.9417550000001
2031.8303432,658.16263
2053.4715608,656.7932800000001
2045.7438744,646.8464349999999
2014.7641952000001,658.1343099999999
2022.7835348,653.21705
2062.433042,661.62851
2058.7877136,674.7536
2086.084274,663.4386999999999
,
,
,
,
,
,
,
,
1869.663594,703.32304
,
1823.9162999999999,699.0014450000001
1790.175514,711.8420100000001
1777.2865900000002,728.660595
1793.7998,724.662155
1791.526218,704.22253
1792.6878,726.5702
,
,
1884.0222348,711.717935
,
,
1881.2443064,730.78261
1903.8852676000001,725.827495
1910.3976956000001,734.35799
1935.0838812000002,713.6567299999999
,
,
1940.3236836,744.10686
1920.826246,753.90533
,
,
,
,
,
,
,
,
,
,
,
1966.3582316000002,762.6938299999999
1958.8837411999998,780.14373
1980.684358,780.442975
1951.65257,785.20255
1991.739756,773.2834
1970.7982631999998,797.3434500000001
1998.267358,790.003295
2009.837168,786.5359699999999
2026.4005039999997,790.4570000000001
2039.7194359999999,797.170975
2012.45175,795.0234949999999
,
,
,
,
,
,
,
,
,
,
,
,
,
,
,
,
,
,
,
,
,
,
,
,
,
,
,
,
,
,
,
,
,
,
,
,
,
,
,
,
,
,
,
,
,
,
,
,
,
,
,
,
,
,
,
,
,
,
,
,
,
,
,
,
,
,
,
,
,
,
,
,
,
,
,
,
,
,
,
,
,
,
,
,
,
,
,
,
,
,
,
,
,
,
,
,
,
,
,
,
,
,
,
,
,
,
,
,
,
,
,
,
,
,
,
,
,
,
,
,
,
,
,
,
,
,
,
,
,
,
,
,
,
,
,
,
,
,
,
,
,
,
,
,
,
,
,
,
,
,
,
,
,
,
,
,
,
,
,
,
,
,
,
,
,
,
,
,
,
,
,
,
,
,
,
,
,
,
,
,
,
,
,
,
,
,
,
,
,
,
,
,
,
,
,
,
,
,
,
,
,
,
,
,
,
,
,
,
,
,
,
,
,
,
,
,
,
,
,
,
,
,
,
,
,
,
,
,
,
,
,
,
,
,
,
,
,
,
,
,
,
,
,
,
,
,
,
,
,
,
,
,
,
,
,
,
,
,
,
,
,
,
,
,
,
,
,
,
,
,
,
,
,
,
,
,
,
,
,
,
,
,
,
,
,
,
,
,
,
,
,
,
,
,
,
,
,
,
,
,
,
,
,
,
,
,
,
,
,
,
,
,
,
,
,
,
,
,
,
,
,
,
,
,
,
,
,
,
,
,
,
,
,
,
,
,
,
,
,
,
,
,
,
,
,
,
,
,
,
,
,
,
,
,
,
,
,
,
,
,
,
,
,
,
,
,
,
,
,
,
,
,
,
,
,
,
,
,
,
,
,
,
,
,
,
,
,
,
,
,
,
,
,
,
,
,
,
,
,
,
,
,
,
,
,
,
,
,
,
,
,
,
,
,
,
,
,
,
,
,
,
,
,
,
,
,
,
